date,feature_id,feature_name,active_users,new_users,retention_rate,engagement_score,completion_rate,user_segment
2024-05-02,FEAT_001,Dashboard,513,40,72.1,4.3,61.0,Free
2024-05-02,FEAT_001,Dashboard,1239,144,86.9,4.8,86.3,Pro
2024-05-02,FEAT_001,Dashboard,504,61,86.3,3.5,61.8,Enterprise
2024-05-02,FEAT_001,Dashboard,449,59,80.1,3.4,65.4,Trial
2024-05-02,FEAT_002,Analytics,2245,140,74.5,4.9,73.8,Free
2024-05-02,FEAT_002,Analytics,704,99,81.9,3.5,82.7,Pro
2024-05-02,FEAT_002,Analytics,38,3,85.3,5.0,75.5,Enterprise
2024-05-02,FEAT_002,Analytics,51,3,94.4,3.6,61.7,Trial
2024-05-02,FEAT_003,Reporting,744,96,81.9,3.3,67.2,Free
2024-05-02,FEAT_003,Reporting,528,44,75.3,4.3,66.2,Pro
2024-05-02,FEAT_003,Reporting,340,33,76.3,3.6,68.5,Enterprise
2024-05-02,FEAT_003,Reporting,244,18,88.8,3.1,66.7,Trial
2024-05-02,FEAT_004,API Access,1971,144,94.4,3.0,87.8,Free
2024-05-02,FEAT_004,API Access,1231,167,87.3,3.2,73.6,Pro
2024-05-02,FEAT_004,API Access,629,46,90.7,3.4,78.4,Enterprise
2024-05-02,FEAT_004,API Access,130,19,85.2,3.8,84.5,Trial
2024-05-02,FEAT_005,Mobile App,2208,316,84.3,3.4,63.8,Free
2024-05-02,FEAT_005,Mobile App,1272,161,84.2,4.0,85.5,Pro
2024-05-02,FEAT_005,Mobile App,161,11,80.7,4.8,79.9,Enterprise
2024-05-02,FEAT_005,Mobile App,356,31,78.8,3.5,88.6,Trial
2024-05-02,FEAT_006,Notifications,1836,173,73.0,3.6,72.7,Free
2024-05-02,FEAT_006,Notifications,1367,85,78.3,4.0,61.3,Pro
2024-05-02,FEAT_006,Notifications,676,48,81.5,3.5,70.2,Enterprise
2024-05-02,FEAT_006,Notifications,468,29,78.3,4.5,71.4,Trial
2024-05-02,FEAT_007,Collaboration,1434,75,93.6,4.7,78.3,Free
2024-05-02,FEAT_007,Collaboration,207,30,92.1,3.9,78.2,Pro
2024-05-02,FEAT_007,Collaboration,619,68,74.5,3.3,66.2,Enterprise
2024-05-02,FEAT_007,Collaboration,110,16,78.5,3.6,69.4,Trial
2024-05-02,FEAT_008,Export,356,46,91.0,3.6,90.0,Free
2024-05-02,FEAT_008,Export,536,70,71.9,4.8,73.1,Pro
2024-05-02,FEAT_008,Export,611,36,76.4,3.2,65.3,Enterprise
2024-05-02,FEAT_008,Export,258,29,74.3,4.7,67.5,Trial
2024-05-02,FEAT_009,Integration,2128,188,78.0,3.5,77.2,Free
2024-05-02,FEAT_009,Integration,1201,107,74.2,4.1,76.0,Pro
2024-05-02,FEAT_009,Integration,227,20,83.1,4.8,82.7,Enterprise
2024-05-02,FEAT_009,Integration,269,32,74.0,3.7,79.0,Trial
2024-05-02,FEAT_010,Search,1185,107,75.4,4.3,80.6,Free
2024-05-02,FEAT_010,Search,788,48,72.9,4.7,88.8,Pro
2024-05-02,FEAT_010,Search,70,8,72.5,4.6,83.0,Enterprise
2024-05-02,FEAT_010,Search,356,26,88.1,4.1,65.6,Trial
2024-06-02,FEAT_001,Dashboard,678,92,71.3,4.9,70.3,Free
2024-06-02,FEAT_001,Dashboard,639,94,79.1,3.8,73.5,Pro
2024-06-02,FEAT_001,Dashboard,477,44,71.1,4.2,62.8,Enterprise
2024-06-02,FEAT_001,Dashboard,199,25,72.1,3.5,70.4,Trial
2024-06-02,FEAT_002,Analytics,2203,207,93.6,3.4,67.8,Free
2024-06-02,FEAT_002,Analytics,1062,149,82.2,3.7,85.8,Pro
2024-06-02,FEAT_002,Analytics,453,36,89.3,4.6,79.7,Enterprise
2024-06-02,FEAT_002,Analytics,67,9,83.7,4.6,65.6,Trial
2024-06-02,FEAT_003,Reporting,946,91,88.3,4.5,87.7,Free
2024-06-02,FEAT_003,Reporting,527,27,77.7,4.5,69.8,Pro
2024-06-02,FEAT_003,Reporting,636,45,85.0,3.1,60.2,Enterprise
2024-06-02,FEAT_003,Reporting,421,43,92.1,3.2,83.0,Trial
2024-06-02,FEAT_004,API Access,1287,75,90.8,4.8,69.9,Free
2024-06-02,FEAT_004,API Access,386,21,85.7,3.1,60.0,Pro
2024-06-02,FEAT_004,API Access,647,65,86.7,4.5,86.2,Enterprise
2024-06-02,FEAT_004,API Access,425,40,91.8,4.3,74.3,Trial
2024-06-02,FEAT_005,Mobile App,1626,107,82.1,3.6,84.7,Free
2024-06-02,FEAT_005,Mobile App,324,28,94.5,3.1,70.1,Pro
2024-06-02,FEAT_005,Mobile App,237,20,83.4,3.8,85.5,Enterprise
2024-06-02,FEAT_005,Mobile App,42,2,93.8,4.2,88.3,Trial
2024-06-02,FEAT_006,Notifications,2188,282,74.4,4.2,74.4,Free
2024-06-02,FEAT_006,Notifications,222,23,81.7,3.1,86.2,Pro
2024-06-02,FEAT_006,Notifications,296,15,88.4,3.2,76.3,Enterprise
2024-06-02,FEAT_006,Notifications,75,10,73.3,3.9,80.8,Trial
2024-06-02,FEAT_007,Collaboration,643,94,84.6,4.2,74.7,Free
2024-06-02,FEAT_007,Collaboration,134,7,87.3,4.0,74.5,Pro
2024-06-02,FEAT_007,Collaboration,282,16,76.6,4.7,80.8,Enterprise
2024-06-02,FEAT_007,Collaboration,340,18,73.0,4.3,82.0,Trial
2024-06-02,FEAT_008,Export,2312,223,74.6,4.6,62.8,Free
2024-06-02,FEAT_008,Export,1047,120,80.5,3.2,88.3,Pro
2024-06-02,FEAT_008,Export,723,51,87.2,4.4,77.3,Enterprise
2024-06-02,FEAT_008,Export,256,30,81.4,4.3,67.3,Trial
2024-06-02,FEAT_009,Integration,2287,156,75.0,4.2,72.1,Free
2024-06-02,FEAT_009,Integration,1233,71,79.6,3.3,86.6,Pro
2024-06-02,FEAT_009,Integration,554,63,74.7,3.4,62.8,Enterprise
2024-06-02,FEAT_009,Integration,274,28,79.9,3.0,79.7,Trial
2024-06-02,FEAT_010,Search,2083,215,78.3,4.4,67.2,Free
2024-06-02,FEAT_010,Search,1109,160,88.8,3.4,76.9,Pro
2024-06-02,FEAT_010,Search,196,25,84.8,4.4,75.8,Enterprise
2024-06-02,FEAT_010,Search,401,28,79.3,4.5,88.8,Trial
2024-07-02,FEAT_001,Dashboard,652,50,77.7,3.1,65.2,Free
2024-07-02,FEAT_001,Dashboard,216,26,88.0,4.3,68.9,Pro
2024-07-02,FEAT_001,Dashboard,536,73,90.1,4.3,77.8,Enterprise
2024-07-02,FEAT_001,Dashboard,459,34,77.8,3.4,64.2,Trial
2024-07-02,FEAT_002,Analytics,2350,137,73.3,3.3,74.0,Free
2024-07-02,FEAT_002,Analytics,313,28,89.4,3.0,89.4,Pro
2024-07-02,FEAT_002,Analytics,596,45,84.8,3.8,74.1,Enterprise
2024-07-02,FEAT_002,Analytics,82,4,76.7,3.8,83.5,Trial
2024-07-02,FEAT_003,Reporting,2372,246,76.6,3.4,88.3,Free
2024-07-02,FEAT_003,Reporting,1473,163,74.1,4.6,79.3,Pro
2024-07-02,FEAT_003,Reporting,516,70,87.0,3.0,82.0,Enterprise
2024-07-02,FEAT_003,Reporting,503,40,82.1,4.2,73.4,Trial
2024-07-02,FEAT_004,API Access,475,56,76.3,3.2,81.8,Free
2024-07-02,FEAT_004,API Access,1021,138,70.7,4.0,65.2,Pro
2024-07-02,FEAT_004,API Access,105,6,81.5,4.9,81.4,Enterprise
2024-07-02,FEAT_004,API Access,59,3,74.7,3.3,71.1,Trial
2024-07-02,FEAT_005,Mobile App,1623,114,72.9,3.6,65.6,Free
2024-07-02,FEAT_005,Mobile App,1166,121,91.6,4.3,65.2,Pro
2024-07-02,FEAT_005,Mobile App,237,25,78.1,4.6,89.8,Enterprise
2024-07-02,FEAT_005,Mobile App,124,11,72.5,4.8,76.0,Trial
2024-07-02,FEAT_006,Notifications,1008,83,82.4,3.7,71.2,Free
2024-07-02,FEAT_006,Notifications,954,74,77.4,3.1,76.3,Pro
2024-07-02,FEAT_006,Notifications,89,12,73.1,3.1,78.8,Enterprise
2024-07-02,FEAT_006,Notifications,437,36,86.8,3.7,76.7,Trial
2024-07-02,FEAT_007,Collaboration,643,39,90.8,4.6,74.1,Free
2024-07-02,FEAT_007,Collaboration,1207,110,81.5,4.8,64.2,Pro
2024-07-02,FEAT_007,Collaboration,150,13,86.5,4.3,62.4,Enterprise
2024-07-02,FEAT_007,Collaboration,405,24,74.6,3.0,62.9,Trial
2024-07-02,FEAT_008,Export,1569,217,85.9,4.7,70.3,Free
2024-07-02,FEAT_008,Export,514,61,86.3,4.9,87.3,Pro
2024-07-02,FEAT_008,Export,487,63,76.8,4.1,62.2,Enterprise
2024-07-02,FEAT_008,Export,111,10,78.7,4.6,75.0,Trial
2024-07-02,FEAT_009,Integration,456,34,76.9,3.4,73.6,Free
2024-07-02,FEAT_009,Integration,408,47,73.9,3.3,83.2,Pro
2024-07-02,FEAT_009,Integration,636,88,84.5,5.0,87.0,Enterprise
2024-07-02,FEAT_009,Integration,52,6,73.8,3.7,80.9,Trial
2024-07-02,FEAT_010,Search,2232,282,76.7,3.6,63.8,Free
2024-07-02,FEAT_010,Search,878,109,87.2,4.7,82.1,Pro
2024-07-02,FEAT_010,Search,444,58,74.1,3.1,84.9,Enterprise
2024-07-02,FEAT_010,Search,400,55,71.8,3.4,85.2,Trial
2024-08-02,FEAT_001,Dashboard,1652,223,72.1,3.8,78.6,Free
2024-08-02,FEAT_001,Dashboard,1296,122,85.2,4.8,79.6,Pro
2024-08-02,FEAT_001,Dashboard,188,16,90.8,3.6,84.0,Enterprise
2024-08-02,FEAT_001,Dashboard,217,30,85.3,4.2,73.8,Trial
2024-08-02,FEAT_002,Analytics,1939,187,88.3,4.8,77.0,Free
2024-08-02,FEAT_002,Analytics,1473,191,85.7,3.9,88.5,Pro
2024-08-02,FEAT_002,Analytics,714,88,74.4,4.9,74.4,Enterprise
2024-08-02,FEAT_002,Analytics,416,60,92.0,4.2,65.2,Trial
2024-08-02,FEAT_003,Reporting,1417,190,74.6,4.1,70.6,Free
2024-08-02,FEAT_003,Reporting,1451,125,82.0,4.2,87.4,Pro
2024-08-02,FEAT_003,Reporting,228,28,73.6,4.8,64.6,Enterprise
2024-08-02,FEAT_003,Reporting,342,32,74.9,3.8,82.0,Trial
2024-08-02,FEAT_004,API Access,1385,98,87.2,4.6,70.0,Free
2024-08-02,FEAT_004,API Access,1161,154,76.0,4.7,86.2,Pro
2024-08-02,FEAT_004,API Access,533,63,82.1,4.1,69.0,Enterprise
2024-08-02,FEAT_004,API Access,534,80,78.2,4.9,73.1,Trial
2024-08-02,FEAT_005,Mobile App,916,85,77.7,4.0,85.7,Free
2024-08-02,FEAT_005,Mobile App,117,9,73.2,3.6,60.5,Pro
2024-08-02,FEAT_005,Mobile App,223,32,89.1,3.8,87.6,Enterprise
2024-08-02,FEAT_005,Mobile App,130,7,89.5,3.4,85.3,Trial
2024-08-02,FEAT_006,Notifications,291,29,77.9,3.2,60.9,Free
2024-08-02,FEAT_006,Notifications,549,59,88.3,3.5,66.5,Pro
2024-08-02,FEAT_006,Notifications,59,7,81.4,3.3,83.4,Enterprise
2024-08-02,FEAT_006,Notifications,264,19,93.3,3.1,75.8,Trial
2024-08-02,FEAT_007,Collaboration,2498,283,71.0,4.9,67.9,Free
2024-08-02,FEAT_007,Collaboration,894,79,80.8,3.3,60.0,Pro
2024-08-02,FEAT_007,Collaboration,565,64,83.9,4.6,83.3,Enterprise
2024-08-02,FEAT_007,Collaboration,399,29,86.0,3.3,64.1,Trial
2024-08-02,FEAT_008,Export,229,19,94.4,4.0,75.3,Free
2024-08-02,FEAT_008,Export,652,59,85.3,4.5,64.1,Pro
2024-08-02,FEAT_008,Export,179,21,92.0,4.5,72.1,Enterprise
2024-08-02,FEAT_008,Export,451,59,87.3,4.9,62.1,Trial
2024-08-02,FEAT_009,Integration,896,77,83.7,4.1,61.8,Free
2024-08-02,FEAT_009,Integration,609,63,90.7,3.3,67.1,Pro
2024-08-02,FEAT_009,Integration,384,34,73.8,3.4,80.8,Enterprise
2024-08-02,FEAT_009,Integration,499,33,80.8,4.2,72.2,Trial
2024-08-02,FEAT_010,Search,1069,146,72.3,3.7,71.5,Free
2024-08-02,FEAT_010,Search,1588,166,83.7,3.1,81.1,Pro
2024-08-02,FEAT_010,Search,296,26,84.8,5.0,66.8,Enterprise
2024-08-02,FEAT_010,Search,484,41,77.3,4.2,89.1,Trial
2024-09-02,FEAT_001,Dashboard,1887,253,82.2,4.6,64.6,Free
2024-09-02,FEAT_001,Dashboard,1652,233,90.5,4.4,61.0,Pro
2024-09-02,FEAT_001,Dashboard,345,24,76.8,3.8,76.5,Enterprise
2024-09-02,FEAT_001,Dashboard,136,13,89.4,3.8,81.9,Trial
2024-09-02,FEAT_002,Analytics,2067,198,92.4,3.1,85.0,Free
2024-09-02,FEAT_002,Analytics,125,13,79.7,4.8,82.9,Pro
2024-09-02,FEAT_002,Analytics,130,15,90.0,4.9,73.5,Enterprise
2024-09-02,FEAT_002,Analytics,115,6,92.7,4.9,60.2,Trial
2024-09-02,FEAT_003,Reporting,1313,171,84.3,3.8,61.1,Free
2024-09-02,FEAT_003,Reporting,1637,181,92.1,3.8,62.2,Pro
2024-09-02,FEAT_003,Reporting,188,10,80.9,4.6,84.7,Enterprise
2024-09-02,FEAT_003,Reporting,483,45,91.6,4.0,64.3,Trial
2024-09-02,FEAT_004,API Access,2525,174,92.3,4.6,79.9,Free
2024-09-02,FEAT_004,API Access,172,22,72.0,3.7,73.0,Pro
2024-09-02,FEAT_004,API Access,226,31,88.5,3.7,82.5,Enterprise
2024-09-02,FEAT_004,API Access,404,50,87.4,3.4,73.3,Trial
2024-09-02,FEAT_005,Mobile App,2461,207,91.8,4.5,79.1,Free
2024-09-02,FEAT_005,Mobile App,1276,142,80.3,4.5,78.7,Pro
2024-09-02,FEAT_005,Mobile App,511,37,72.3,3.5,78.0,Enterprise
2024-09-02,FEAT_005,Mobile App,510,39,75.1,4.9,62.5,Trial
2024-09-02,FEAT_006,Notifications,2051,152,80.1,3.4,88.0,Free
2024-09-02,FEAT_006,Notifications,299,44,83.1,3.3,84.6,Pro
2024-09-02,FEAT_006,Notifications,325,32,74.3,3.2,64.3,Enterprise
2024-09-02,FEAT_006,Notifications,497,69,94.9,3.7,61.4,Trial
2024-09-02,FEAT_007,Collaboration,778,42,85.8,4.2,73.1,Free
2024-09-02,FEAT_007,Collaboration,921,100,84.1,4.3,60.9,Pro
2024-09-02,FEAT_007,Collaboration,835,119,84.4,4.1,76.1,Enterprise
2024-09-02,FEAT_007,Collaboration,53,5,70.9,3.3,70.4,Trial
2024-09-02,FEAT_008,Export,2630,365,75.7,3.2,77.0,Free
2024-09-02,FEAT_008,Export,404,35,73.3,4.0,62.6,Pro
2024-09-02,FEAT_008,Export,191,28,93.2,3.7,66.5,Enterprise
2024-09-02,FEAT_008,Export,355,53,91.0,4.3,81.6,Trial
2024-09-02,FEAT_009,Integration,2221,260,74.9,3.7,79.6,Free
2024-09-02,FEAT_009,Integration,569,29,91.5,3.4,82.1,Pro
2024-09-02,FEAT_009,Integration,135,15,84.3,3.1,72.6,Enterprise
2024-09-02,FEAT_009,Integration,454,47,94.8,4.9,61.8,Trial
2024-09-02,FEAT_010,Search,2657,229,85.4,3.1,87.5,Free
2024-09-02,FEAT_010,Search,1243,76,93.9,4.8,75.2,Pro
2024-09-02,FEAT_010,Search,308,35,94.9,3.7,61.7,Enterprise
2024-09-02,FEAT_010,Search,255,21,92.9,4.7,71.5,Trial
2024-10-02,FEAT_001,Dashboard,580,85,82.1,3.9,60.9,Free
2024-10-02,FEAT_001,Dashboard,1440,83,75.2,4.5,72.8,Pro
2024-10-02,FEAT_001,Dashboard,613,56,70.8,4.6,86.4,Enterprise
2024-10-02,FEAT_001,Dashboard,472,57,81.1,5.0,69.2,Trial
2024-10-02,FEAT_002,Analytics,2712,290,77.8,4.3,72.9,Free
2024-10-02,FEAT_002,Analytics,1465,131,88.6,4.0,70.9,Pro
2024-10-02,FEAT_002,Analytics,605,35,90.8,4.0,73.8,Enterprise
2024-10-02,FEAT_002,Analytics,192,15,75.5,3.2,81.2,Trial
2024-10-02,FEAT_003,Reporting,826,95,70.3,3.3,74.8,Free
2024-10-02,FEAT_003,Reporting,1418,90,77.3,3.9,68.2,Pro
2024-10-02,FEAT_003,Reporting,204,28,79.3,4.7,70.3,Enterprise
2024-10-02,FEAT_003,Reporting,257,23,78.4,3.5,75.6,Trial
2024-10-02,FEAT_004,API Access,1786,199,72.1,3.4,83.4,Free
2024-10-02,FEAT_004,API Access,1640,172,94.4,4.9,85.3,Pro
2024-10-02,FEAT_004,API Access,712,97,74.5,4.2,64.5,Enterprise
2024-10-02,FEAT_004,API Access,470,32,92.6,3.1,73.0,Trial
2024-10-02,FEAT_005,Mobile App,2167,158,84.8,4.1,81.7,Free
2024-10-02,FEAT_005,Mobile App,938,63,90.2,3.9,61.9,Pro
2024-10-02,FEAT_005,Mobile App,156,9,75.2,4.7,75.4,Enterprise
2024-10-02,FEAT_005,Mobile App,48,5,91.1,4.0,70.7,Trial
2024-10-02,FEAT_006,Notifications,1600,131,71.4,3.1,79.1,Free
2024-10-02,FEAT_006,Notifications,107,7,88.2,3.1,77.5,Pro
2024-10-02,FEAT_006,Notifications,833,49,76.8,3.4,75.4,Enterprise
2024-10-02,FEAT_006,Notifications,399,28,73.6,4.3,78.7,Trial
2024-10-02,FEAT_007,Collaboration,971,53,83.4,4.6,62.8,Free
2024-10-02,FEAT_007,Collaboration,1613,164,70.3,4.0,74.5,Pro
2024-10-02,FEAT_007,Collaboration,526,72,89.5,4.7,68.6,Enterprise
2024-10-02,FEAT_007,Collaboration,214,26,72.8,4.7,69.7,Trial
2024-10-02,FEAT_008,Export,1262,65,70.6,3.7,74.9,Free
2024-10-02,FEAT_008,Export,714,40,72.7,4.7,77.1,Pro
2024-10-02,FEAT_008,Export,599,35,92.9,3.9,67.1,Enterprise
2024-10-02,FEAT_008,Export,61,6,87.9,4.4,74.4,Trial
2024-10-02,FEAT_009,Integration,317,25,87.3,4.9,74.3,Free
2024-10-02,FEAT_009,Integration,210,18,91.4,4.6,71.8,Pro
2024-10-02,FEAT_009,Integration,869,107,79.5,4.4,63.9,Enterprise
2024-10-02,FEAT_009,Integration,199,20,82.3,3.9,65.3,Trial
2024-10-02,FEAT_010,Search,449,53,90.7,4.5,73.4,Free
2024-10-02,FEAT_010,Search,1237,184,75.9,3.1,75.7,Pro
2024-10-02,FEAT_010,Search,249,35,71.5,3.6,78.5,Enterprise
2024-10-02,FEAT_010,Search,79,10,86.1,4.0,88.2,Trial
2024-11-02,FEAT_001,Dashboard,1935,149,85.5,3.0,87.4,Free
2024-11-02,FEAT_001,Dashboard,1315,126,79.9,4.9,83.5,Pro
2024-11-02,FEAT_001,Dashboard,686,48,72.9,3.7,88.0,Enterprise
2024-11-02,FEAT_001,Dashboard,82,11,72.4,3.9,73.7,Trial
2024-11-02,FEAT_002,Analytics,2908,330,91.7,4.2,88.7,Free
2024-11-02,FEAT_002,Analytics,1319,192,84.3,3.4,65.6,Pro
2024-11-02,FEAT_002,Analytics,491,52,73.7,3.5,80.6,Enterprise
2024-11-02,FEAT_002,Analytics,284,34,85.2,3.5,84.7,Trial
2024-11-02,FEAT_003,Reporting,1648,106,71.8,4.2,66.5,Free
2024-11-02,FEAT_003,Reporting,536,38,87.3,4.8,76.0,Pro
2024-11-02,FEAT_003,Reporting,125,14,81.3,3.8,77.8,Enterprise
2024-11-02,FEAT_003,Reporting,376,25,81.4,4.0,86.0,Trial
2024-11-02,FEAT_004,API Access,2997,433,82.7,4.7,86.0,Free
2024-11-02,FEAT_004,API Access,907,80,87.8,3.7,67.0,Pro
2024-11-02,FEAT_004,API Access,337,37,87.2,4.4,65.0,Enterprise
2024-11-02,FEAT_004,API Access,484,40,73.0,3.8,81.2,Trial
2024-11-02,FEAT_005,Mobile App,154,10,77.9,3.9,83.6,Free
2024-11-02,FEAT_005,Mobile App,1666,175,70.1,4.5,73.3,Pro
2024-11-02,FEAT_005,Mobile App,641,60,88.5,4.4,87.0,Enterprise
2024-11-02,FEAT_005,Mobile App,65,3,93.5,4.0,88.6,Trial
2024-11-02,FEAT_006,Notifications,2997,319,71.5,4.9,86.3,Free
2024-11-02,FEAT_006,Notifications,1305,181,93.7,4.1,65.6,Pro
2024-11-02,FEAT_006,Notifications,722,71,70.6,3.7,89.6,Enterprise
2024-11-02,FEAT_006,Notifications,45,5,73.5,4.3,71.0,Trial
2024-11-02,FEAT_007,Collaboration,2203,265,85.1,4.9,87.4,Free
2024-11-02,FEAT_007,Collaboration,854,98,79.6,4.4,82.6,Pro
2024-11-02,FEAT_007,Collaboration,334,36,92.2,4.6,73.8,Enterprise
2024-11-02,FEAT_007,Collaboration,533,50,76.9,4.9,81.0,Trial
2024-11-02,FEAT_008,Export,2142,200,87.1,4.2,83.6,Free
2024-11-02,FEAT_008,Export,547,44,76.0,4.1,78.9,Pro
2024-11-02,FEAT_008,Export,65,3,89.3,3.4,68.4,Enterprise
2024-11-02,FEAT_008,Export,56,5,84.0,4.3,76.7,Trial
2024-11-02,FEAT_009,Integration,919,132,73.8,3.9,89.3,Free
2024-11-02,FEAT_009,Integration,1702,127,79.0,3.0,74.2,Pro
2024-11-02,FEAT_009,Integration,302,38,70.1,4.6,73.1,Enterprise
2024-11-02,FEAT_009,Integration,591,58,80.3,4.3,72.2,Trial
2024-11-02,FEAT_010,Search,2265,298,87.9,4.3,67.7,Free
2024-11-02,FEAT_010,Search,605,86,82.2,4.5,60.1,Pro
2024-11-02,FEAT_010,Search,96,6,79.4,3.6,78.1,Enterprise
2024-11-02,FEAT_010,Search,255,33,70.4,3.2,60.9,Trial
2024-12-02,FEAT_001,Dashboard,2537,215,85.6,3.0,76.9,Free
2024-12-02,FEAT_001,Dashboard,858,110,92.7,4.7,61.5,Pro
2024-12-02,FEAT_001,Dashboard,833,111,76.6,3.9,67.7,Enterprise
2024-12-02,FEAT_001,Dashboard,543,56,73.5,3.7,73.7,Trial
2024-12-02,FEAT_002,Analytics,807,75,70.0,3.7,86.3,Free
2024-12-02,FEAT_002,Analytics,860,115,88.3,4.3,61.4,Pro
2024-12-02,FEAT_002,Analytics,787,113,87.7,4.3,75.3,Enterprise
2024-12-02,FEAT_002,Analytics,574,85,87.8,3.7,60.6,Trial
2024-12-02,FEAT_003,Reporting,2934,364,79.3,4.9,85.2,Free
2024-12-02,FEAT_003,Reporting,274,35,85.1,3.8,64.6,Pro
2024-12-02,FEAT_003,Reporting,411,61,80.8,4.6,81.8,Enterprise
2024-12-02,FEAT_003,Reporting,147,10,71.8,3.4,86.5,Trial
2024-12-02,FEAT_004,API Access,2317,216,85.8,4.2,61.5,Free
2024-12-02,FEAT_004,API Access,1411,193,71.6,3.6,68.0,Pro
2024-12-02,FEAT_004,API Access,65,3,90.4,3.8,76.6,Enterprise
2024-12-02,FEAT_004,API Access,148,15,75.9,4.1,85.8,Trial
2024-12-02,FEAT_005,Mobile App,1863,235,78.4,4.6,81.5,Free
2024-12-02,FEAT_005,Mobile App,904,124,71.6,4.8,84.1,Pro
2024-12-02,FEAT_005,Mobile App,803,48,86.2,3.1,62.3,Enterprise
2024-12-02,FEAT_005,Mobile App,136,11,80.1,4.2,67.3,Trial
2024-12-02,FEAT_006,Notifications,801,55,82.6,4.2,80.8,Free
2024-12-02,FEAT_006,Notifications,1743,170,73.2,4.0,83.8,Pro
2024-12-02,FEAT_006,Notifications,259,36,70.6,3.1,80.7,Enterprise
2024-12-02,FEAT_006,Notifications,216,28,88.9,3.0,63.2,Trial
2024-12-02,FEAT_007,Collaboration,392,38,82.0,3.0,86.2,Free
2024-12-02,FEAT_007,Collaboration,1833,140,90.9,3.6,69.2,Pro
2024-12-02,FEAT_007,Collaboration,438,58,84.4,5.0,63.0,Enterprise
2024-12-02,FEAT_007,Collaboration,328,32,91.2,4.5,67.2,Trial
2024-12-02,FEAT_008,Export,372,45,77.6,3.9,67.2,Free
2024-12-02,FEAT_008,Export,254,28,92.8,4.9,66.5,Pro
2024-12-02,FEAT_008,Export,719,38,91.8,4.8,87.2,Enterprise
2024-12-02,FEAT_008,Export,126,11,79.5,3.4,67.9,Trial
2024-12-02,FEAT_009,Integration,1887,131,73.9,3.1,74.8,Free
2024-12-02,FEAT_009,Integration,1381,165,74.0,3.9,61.7,Pro
2024-12-02,FEAT_009,Integration,114,14,71.4,4.5,73.5,Enterprise
2024-12-02,FEAT_009,Integration,303,17,78.5,3.4,84.8,Trial
2024-12-02,FEAT_010,Search,2667,146,88.4,3.2,87.5,Free
2024-12-02,FEAT_010,Search,1353,82,93.3,4.2,73.5,Pro
2024-12-02,FEAT_010,Search,167,20,85.2,4.6,66.1,Enterprise
2024-12-02,FEAT_010,Search,72,8,91.6,3.1,60.5,Trial
2025-01-02,FEAT_001,Dashboard,1190,143,88.8,4.1,76.2,Free
2025-01-02,FEAT_001,Dashboard,1613,223,70.4,3.6,60.0,Pro
2025-01-02,FEAT_001,Dashboard,719,93,73.3,4.4,70.9,Enterprise
2025-01-02,FEAT_001,Dashboard,179,22,71.3,4.9,63.7,Trial
2025-01-02,FEAT_002,Analytics,1161,63,83.2,4.9,69.2,Free
2025-01-02,FEAT_002,Analytics,1449,214,92.5,3.4,67.7,Pro
2025-01-02,FEAT_002,Analytics,253,22,88.4,3.5,77.7,Enterprise
2025-01-02,FEAT_002,Analytics,219,20,84.8,4.8,68.6,Trial
2025-01-02,FEAT_003,Reporting,608,39,73.9,4.4,65.3,Free
2025-01-02,FEAT_003,Reporting,1867,276,80.1,5.0,69.8,Pro
2025-01-02,FEAT_003,Reporting,501,27,77.6,4.7,70.6,Enterprise
2025-01-02,FEAT_003,Reporting,549,78,93.8,4.5,82.1,Trial
2025-01-02,FEAT_004,API Access,2585,342,70.6,4.8,81.2,Free
2025-01-02,FEAT_004,API Access,1422,204,76.2,4.8,80.3,Pro
2025-01-02,FEAT_004,API Access,518,33,83.6,3.5,77.8,Enterprise
2025-01-02,FEAT_004,API Access,303,15,75.6,3.2,84.7,Trial
2025-01-02,FEAT_005,Mobile App,2896,392,73.8,4.0,62.1,Free
2025-01-02,FEAT_005,Mobile App,1198,168,94.6,4.8,85.1,Pro
2025-01-02,FEAT_005,Mobile App,902,66,80.8,3.5,81.2,Enterprise
2025-01-02,FEAT_005,Mobile App,172,24,74.3,3.7,82.6,Trial
2025-01-02,FEAT_006,Notifications,2180,296,87.4,4.3,80.3,Free
2025-01-02,FEAT_006,Notifications,1806,152,94.1,3.5,63.9,Pro
2025-01-02,FEAT_006,Notifications,539,27,83.5,3.2,74.3,Enterprise
2025-01-02,FEAT_006,Notifications,562,46,84.9,4.3,74.0,Trial
2025-01-02,FEAT_007,Collaboration,1368,166,72.5,4.6,77.6,Free
2025-01-02,FEAT_007,Collaboration,1494,208,72.6,3.5,87.8,Pro
2025-01-02,FEAT_007,Collaboration,211,29,86.9,4.7,74.0,Enterprise
2025-01-02,FEAT_007,Collaboration,401,37,94.5,4.5,79.0,Trial
2025-01-02,FEAT_008,Export,1984,159,88.0,3.0,87.9,Free
2025-01-02,FEAT_008,Export,1372,147,70.4,3.5,64.7,Pro
2025-01-02,FEAT_008,Export,321,43,87.0,3.7,63.2,Enterprise
2025-01-02,FEAT_008,Export,609,60,83.9,3.6,61.7,Trial
2025-01-02,FEAT_009,Integration,2254,287,78.5,4.9,82.0,Free
2025-01-02,FEAT_009,Integration,720,89,80.9,4.0,66.8,Pro
2025-01-02,FEAT_009,Integration,336,33,89.2,3.3,81.7,Enterprise
2025-01-02,FEAT_009,Integration,603,83,90.3,4.2,67.2,Trial
2025-01-02,FEAT_010,Search,2731,270,82.8,3.9,86.7,Free
2025-01-02,FEAT_010,Search,197,13,72.6,3.7,85.7,Pro
2025-01-02,FEAT_010,Search,774,108,77.3,4.5,86.2,Enterprise
2025-01-02,FEAT_010,Search,76,4,73.6,3.0,65.1,Trial
2025-02-02,FEAT_001,Dashboard,1255,182,79.6,4.8,61.3,Free
2025-02-02,FEAT_001,Dashboard,1171,105,84.3,3.3,78.7,Pro
2025-02-02,FEAT_001,Dashboard,810,65,88.4,3.9,75.7,Enterprise
2025-02-02,FEAT_001,Dashboard,356,22,86.8,3.9,75.6,Trial
2025-02-02,FEAT_002,Analytics,240,25,89.0,4.6,88.6,Free
2025-02-02,FEAT_002,Analytics,1199,121,78.1,4.4,71.5,Pro
2025-02-02,FEAT_002,Analytics,971,100,93.0,3.5,67.3,Enterprise
2025-02-02,FEAT_002,Analytics,424,56,94.8,4.6,78.0,Trial
2025-02-02,FEAT_003,Reporting,1848,136,89.2,3.3,72.6,Free
2025-02-02,FEAT_003,Reporting,576,62,88.6,4.6,84.2,Pro
2025-02-02,FEAT_003,Reporting,732,73,93.8,4.3,82.4,Enterprise
2025-02-02,FEAT_003,Reporting,287,32,88.3,3.8,79.6,Trial
2025-02-02,FEAT_004,API Access,420,30,76.1,4.4,73.2,Free
2025-02-02,FEAT_004,API Access,1360,121,92.7,3.3,88.1,Pro
2025-02-02,FEAT_004,API Access,872,108,85.0,4.2,83.1,Enterprise
2025-02-02,FEAT_004,API Access,207,21,82.5,3.6,71.5,Trial
2025-02-02,FEAT_005,Mobile App,3234,309,72.7,3.8,71.6,Free
2025-02-02,FEAT_005,Mobile App,103,13,92.5,3.1,66.3,Pro
2025-02-02,FEAT_005,Mobile App,469,51,77.2,3.9,88.0,Enterprise
2025-02-02,FEAT_005,Mobile App,560,76,85.9,3.4,74.1,Trial
2025-02-02,FEAT_006,Notifications,3204,329,75.3,4.7,60.5,Free
2025-02-02,FEAT_006,Notifications,1253,131,93.2,4.0,82.9,Pro
2025-02-02,FEAT_006,Notifications,811,76,71.6,4.1,76.6,Enterprise
2025-02-02,FEAT_006,Notifications,647,65,90.7,3.0,79.3,Trial
2025-02-02,FEAT_007,Collaboration,3031,169,75.5,4.3,86.4,Free
2025-02-02,FEAT_007,Collaboration,1515,108,72.7,3.5,65.0,Pro
2025-02-02,FEAT_007,Collaboration,361,39,80.5,4.6,79.6,Enterprise
2025-02-02,FEAT_007,Collaboration,247,15,80.4,3.0,63.7,Trial
2025-02-02,FEAT_008,Export,2168,267,70.2,3.3,88.4,Free
2025-02-02,FEAT_008,Export,1047,140,75.4,4.9,74.1,Pro
2025-02-02,FEAT_008,Export,830,45,86.2,3.1,89.6,Enterprise
2025-02-02,FEAT_008,Export,615,51,92.6,4.7,68.4,Trial
2025-02-02,FEAT_009,Integration,1092,63,83.7,3.6,78.5,Free
2025-02-02,FEAT_009,Integration,1669,249,88.2,4.1,64.6,Pro
2025-02-02,FEAT_009,Integration,152,19,86.6,4.9,81.7,Enterprise
2025-02-02,FEAT_009,Integration,296,36,78.8,3.6,72.9,Trial
2025-02-02,FEAT_010,Search,1158,111,93.3,3.0,68.5,Free
2025-02-02,FEAT_010,Search,1347,84,88.5,4.8,80.5,Pro
2025-02-02,FEAT_010,Search,769,86,84.3,3.4,80.7,Enterprise
2025-02-02,FEAT_010,Search,78,8,73.0,3.8,64.0,Trial
2025-03-02,FEAT_001,Dashboard,3388,432,80.2,3.7,66.1,Free
2025-03-02,FEAT_001,Dashboard,612,73,92.9,3.5,83.3,Pro
2025-03-02,FEAT_001,Dashboard,244,30,90.0,3.3,82.1,Enterprise
2025-03-02,FEAT_001,Dashboard,566,66,90.1,4.6,62.9,Trial
2025-03-02,FEAT_002,Analytics,508,48,87.1,5.0,89.6,Free
2025-03-02,FEAT_002,Analytics,1301,190,81.7,3.1,81.0,Pro
2025-03-02,FEAT_002,Analytics,947,79,72.4,4.1,82.1,Enterprise
2025-03-02,FEAT_002,Analytics,660,42,82.4,3.4,73.0,Trial
2025-03-02,FEAT_003,Reporting,2765,327,89.9,3.5,63.6,Free
2025-03-02,FEAT_003,Reporting,1767,243,76.2,4.6,80.9,Pro
2025-03-02,FEAT_003,Reporting,689,93,80.1,4.4,60.1,Enterprise
2025-03-02,FEAT_003,Reporting,64,4,72.6,4.1,65.4,Trial
2025-03-02,FEAT_004,API Access,1805,136,81.2,4.4,89.2,Free
2025-03-02,FEAT_004,API Access,410,44,74.2,3.7,79.3,Pro
2025-03-02,FEAT_004,API Access,761,40,81.5,3.6,81.8,Enterprise
2025-03-02,FEAT_004,API Access,324,20,93.8,3.8,80.6,Trial
2025-03-02,FEAT_005,Mobile App,1365,85,79.2,3.9,73.9,Free
2025-03-02,FEAT_005,Mobile App,185,10,84.7,4.1,65.0,Pro
2025-03-02,FEAT_005,Mobile App,668,55,92.0,3.9,67.7,Enterprise
2025-03-02,FEAT_005,Mobile App,663,84,90.2,3.8,63.1,Trial
2025-03-02,FEAT_006,Notifications,1030,59,73.0,3.9,64.8,Free
2025-03-02,FEAT_006,Notifications,358,38,83.7,4.1,61.2,Pro
2025-03-02,FEAT_006,Notifications,143,9,86.6,4.6,86.3,Enterprise
2025-03-02,FEAT_006,Notifications,283,26,70.1,3.6,66.0,Trial
2025-03-02,FEAT_007,Collaboration,1130,147,73.0,5.0,72.5,Free
2025-03-02,FEAT_007,Collaboration,409,29,72.9,4.5,74.0,Pro
2025-03-02,FEAT_007,Collaboration,464,45,84.5,4.8,66.3,Enterprise
2025-03-02,FEAT_007,Collaboration,464,49,82.7,4.1,80.9,Trial
2025-03-02,FEAT_008,Export,2502,152,72.4,3.6,88.6,Free
2025-03-02,FEAT_008,Export,1151,77,82.2,3.7,77.0,Pro
2025-03-02,FEAT_008,Export,673,53,71.8,3.8,83.2,Enterprise
2025-03-02,FEAT_008,Export,528,32,80.5,3.9,65.4,Trial
2025-03-02,FEAT_009,Integration,307,29,88.3,4.7,77.0,Free
2025-03-02,FEAT_009,Integration,511,60,84.7,5.0,75.2,Pro
2025-03-02,FEAT_009,Integration,339,40,80.6,4.4,70.5,Enterprise
2025-03-02,FEAT_009,Integration,398,41,82.9,4.3,89.8,Trial
2025-03-02,FEAT_010,Search,552,50,72.5,3.1,74.3,Free
2025-03-02,FEAT_010,Search,1818,157,83.9,3.1,77.4,Pro
2025-03-02,FEAT_010,Search,277,30,73.5,3.5,74.3,Enterprise
2025-03-02,FEAT_010,Search,533,67,70.7,4.5,85.5,Trial
2025-04-02,FEAT_001,Dashboard,2894,303,73.6,4.3,74.9,Free
2025-04-02,FEAT_001,Dashboard,1426,101,91.4,3.0,60.9,Pro
2025-04-02,FEAT_001,Dashboard,269,39,87.2,3.2,76.2,Enterprise
2025-04-02,FEAT_001,Dashboard,577,74,84.1,5.0,66.2,Trial
2025-04-02,FEAT_002,Analytics,784,115,94.0,3.4,62.2,Free
2025-04-02,FEAT_002,Analytics,1392,204,85.0,3.3,76.4,Pro
2025-04-02,FEAT_002,Analytics,113,7,76.1,4.6,67.4,Enterprise
2025-04-02,FEAT_002,Analytics,64,8,82.3,4.4,66.4,Trial
2025-04-02,FEAT_003,Reporting,2541,381,85.3,4.6,83.9,Free
2025-04-02,FEAT_003,Reporting,519,29,76.3,4.5,68.0,Pro
2025-04-02,FEAT_003,Reporting,261,34,80.5,3.8,86.0,Enterprise
2025-04-02,FEAT_003,Reporting,273,22,77.1,4.6,64.2,Trial
2025-04-02,FEAT_004,API Access,980,68,91.2,3.3,83.0,Free
2025-04-02,FEAT_004,API Access,741,94,93.0,4.6,77.9,Pro
2025-04-02,FEAT_004,API Access,408,55,89.2,3.9,88.8,Enterprise
2025-04-02,FEAT_004,API Access,343,36,85.8,3.2,79.9,Trial
2025-04-02,FEAT_005,Mobile App,2397,249,91.9,4.5,81.0,Free
2025-04-02,FEAT_005,Mobile App,1339,190,71.1,4.7,71.2,Pro
2025-04-02,FEAT_005,Mobile App,600,64,70.5,3.5,70.0,Enterprise
2025-04-02,FEAT_005,Mobile App,252,36,83.7,3.5,82.2,Trial
2025-04-02,FEAT_006,Notifications,3342,451,93.2,4.2,86.5,Free
2025-04-02,FEAT_006,Notifications,1530,103,79.6,3.9,65.7,Pro
2025-04-02,FEAT_006,Notifications,752,53,91.1,4.1,86.7,Enterprise
2025-04-02,FEAT_006,Notifications,437,25,88.8,3.6,72.6,Trial
2025-04-02,FEAT_007,Collaboration,2434,217,70.7,3.6,73.9,Free
2025-04-02,FEAT_007,Collaboration,243,13,92.6,3.0,64.3,Pro
2025-04-02,FEAT_007,Collaboration,1006,132,94.1,4.7,61.5,Enterprise
2025-04-02,FEAT_007,Collaboration,233,12,93.1,4.6,80.6,Trial
2025-04-02,FEAT_008,Export,1358,162,87.2,3.5,67.3,Free
2025-04-02,FEAT_008,Export,1019,125,86.3,3.2,89.2,Pro
2025-04-02,FEAT_008,Export,397,55,79.7,4.0,66.7,Enterprise
2025-04-02,FEAT_008,Export,164,14,78.8,3.3,65.5,Trial
2025-04-02,FEAT_009,Integration,3319,374,87.2,4.3,77.2,Free
2025-04-02,FEAT_009,Integration,2004,127,73.0,3.5,86.4,Pro
2025-04-02,FEAT_009,Integration,801,105,88.4,3.7,86.9,Enterprise
2025-04-02,FEAT_009,Integration,376,35,80.4,3.1,67.0,Trial
2025-04-02,FEAT_010,Search,2201,199,90.3,4.4,66.3,Free
2025-04-02,FEAT_010,Search,1315,178,75.0,3.8,65.1,Pro
2025-04-02,FEAT_010,Search,605,54,71.9,4.6,75.5,Enterprise
2025-04-02,FEAT_010,Search,509,39,86.2,4.2,82.7,Trial
2025-05-02,FEAT_001,Dashboard,1157,166,74.1,4.2,68.6,Free
2025-05-02,FEAT_001,Dashboard,545,50,93.1,4.9,69.3,Pro
2025-05-02,FEAT_001,Dashboard,230,20,85.0,4.0,77.3,Enterprise
2025-05-02,FEAT_001,Dashboard,253,34,92.7,3.7,76.3,Trial
2025-05-02,FEAT_002,Analytics,2266,120,87.3,3.3,72.2,Free
2025-05-02,FEAT_002,Analytics,808,73,82.7,4.1,84.5,Pro
2025-05-02,FEAT_002,Analytics,268,24,70.7,4.0,63.6,Enterprise
2025-05-02,FEAT_002,Analytics,436,49,78.2,4.1,68.8,Trial
2025-05-02,FEAT_003,Reporting,3225,464,75.2,3.2,81.2,Free
2025-05-02,FEAT_003,Reporting,410,22,87.8,4.9,81.1,Pro
2025-05-02,FEAT_003,Reporting,900,114,86.6,4.3,88.7,Enterprise
2025-05-02,FEAT_003,Reporting,568,57,94.6,3.4,65.9,Trial
2025-05-02,FEAT_004,API Access,1906,279,87.1,3.0,81.6,Free
2025-05-02,FEAT_004,API Access,2009,149,90.8,4.7,77.5,Pro
2025-05-02,FEAT_004,API Access,244,34,88.6,3.6,73.1,Enterprise
2025-05-02,FEAT_004,API Access,452,35,88.8,3.6,79.2,Trial
2025-05-02,FEAT_005,Mobile App,3108,301,76.3,3.4,68.1,Free
2025-05-02,FEAT_005,Mobile App,1793,185,83.5,4.0,69.1,Pro
2025-05-02,FEAT_005,Mobile App,196,22,83.0,4.8,71.0,Enterprise
2025-05-02,FEAT_005,Mobile App,650,33,78.3,4.3,66.7,Trial
2025-05-02,FEAT_006,Notifications,3360,288,84.1,3.7,68.7,Free
2025-05-02,FEAT_006,Notifications,1512,225,74.4,3.3,86.9,Pro
2025-05-02,FEAT_006,Notifications,792,79,83.6,3.4,84.9,Enterprise
2025-05-02,FEAT_006,Notifications,275,40,80.6,3.4,63.4,Trial
2025-05-02,FEAT_007,Collaboration,747,75,71.0,4.2,86.5,Free
2025-05-02,FEAT_007,Collaboration,2000,121,89.0,4.6,77.6,Pro
2025-05-02,FEAT_007,Collaboration,935,133,75.0,4.7,75.5,Enterprise
2025-05-02,FEAT_007,Collaboration,183,10,94.5,3.8,61.6,Trial
2025-05-02,FEAT_008,Export,3144,353,75.1,3.3,79.2,Free
2025-05-02,FEAT_008,Export,338,31,89.2,4.4,67.0,Pro
2025-05-02,FEAT_008,Export,344,42,81.4,4.2,81.0,Enterprise
2025-05-02,FEAT_008,Export,358,21,70.1,3.9,83.5,Trial
2025-05-02,FEAT_009,Integration,3042,218,74.5,3.5,75.4,Free
2025-05-02,FEAT_009,Integration,1071,157,80.2,3.7,87.4,Pro
2025-05-02,FEAT_009,Integration,587,83,80.9,4.9,63.1,Enterprise
2025-05-02,FEAT_009,Integration,621,39,74.5,4.3,71.0,Trial
2025-05-02,FEAT_010,Search,1119,154,79.9,4.3,65.9,Free
2025-05-02,FEAT_010,Search,689,94,77.1,3.9,81.3,Pro
2025-05-02,FEAT_010,Search,754,111,87.4,4.9,89.7,Enterprise
2025-05-02,FEAT_010,Search,36,3,92.1,3.8,85.8,Trial
2025-06-02,FEAT_001,Dashboard,3115,393,77.9,4.7,89.0,Free
2025-06-02,FEAT_001,Dashboard,417,28,93.4,4.4,66.3,Pro
2025-06-02,FEAT_001,Dashboard,431,49,81.7,3.6,63.6,Enterprise
2025-06-02,FEAT_001,Dashboard,586,84,72.0,3.2,83.9,Trial
2025-06-02,FEAT_002,Analytics,2654,246,83.2,5.0,88.7,Free
2025-06-02,FEAT_002,Analytics,672,48,72.9,3.2,84.5,Pro
2025-06-02,FEAT_002,Analytics,472,41,76.5,4.2,71.2,Enterprise
2025-06-02,FEAT_002,Analytics,579,55,71.1,3.0,77.6,Trial
2025-06-02,FEAT_003,Reporting,3466,426,87.7,4.3,65.7,Free
2025-06-02,FEAT_003,Reporting,2073,268,76.5,3.8,79.6,Pro
2025-06-02,FEAT_003,Reporting,1097,99,83.2,4.7,60.7,Enterprise
2025-06-02,FEAT_003,Reporting,389,40,86.6,4.3,82.2,Trial
2025-06-02,FEAT_004,API Access,185,23,76.5,4.6,82.3,Free
2025-06-02,FEAT_004,API Access,946,85,88.5,4.5,63.3,Pro
2025-06-02,FEAT_004,API Access,169,22,79.5,4.2,72.2,Enterprise
2025-06-02,FEAT_004,API Access,593,31,88.9,3.4,63.7,Trial
2025-06-02,FEAT_005,Mobile App,2336,230,82.2,4.6,70.8,Free
2025-06-02,FEAT_005,Mobile App,902,78,81.3,4.2,64.2,Pro
2025-06-02,FEAT_005,Mobile App,805,46,72.1,3.2,86.5,Enterprise
2025-06-02,FEAT_005,Mobile App,730,70,75.0,4.8,79.8,Trial
2025-06-02,FEAT_006,Notifications,444,34,74.4,4.8,80.6,Free
2025-06-02,FEAT_006,Notifications,2050,275,86.3,3.7,85.0,Pro
2025-06-02,FEAT_006,Notifications,801,69,91.8,4.0,90.0,Enterprise
2025-06-02,FEAT_006,Notifications,56,6,86.4,3.5,69.0,Trial
2025-06-02,FEAT_007,Collaboration,3250,359,90.7,5.0,88.5,Free
2025-06-02,FEAT_007,Collaboration,115,13,86.0,4.2,77.1,Pro
2025-06-02,FEAT_007,Collaboration,437,31,71.1,3.6,64.7,Enterprise
2025-06-02,FEAT_007,Collaboration,549,59,92.8,4.0,68.5,Trial
2025-06-02,FEAT_008,Export,442,31,83.1,4.9,63.7,Free
2025-06-02,FEAT_008,Export,2197,245,77.0,3.8,78.6,Pro
2025-06-02,FEAT_008,Export,169,13,85.5,4.3,81.2,Enterprise
2025-06-02,FEAT_008,Export,398,33,80.5,4.5,61.0,Trial
2025-06-02,FEAT_009,Integration,3479,395,87.3,3.5,80.7,Free
2025-06-02,FEAT_009,Integration,2060,228,83.5,4.9,66.9,Pro
2025-06-02,FEAT_009,Integration,883,53,85.2,4.1,64.5,Enterprise
2025-06-02,FEAT_009,Integration,577,42,88.5,3.3,75.8,Trial
2025-06-02,FEAT_010,Search,1424,145,70.8,4.9,73.9,Free
2025-06-02,FEAT_010,Search,1204,128,91.4,3.3,63.2,Pro
2025-06-02,FEAT_010,Search,393,38,94.4,3.9,76.3,Enterprise
2025-06-02,FEAT_010,Search,242,19,82.8,4.7,66.1,Trial
2025-07-02,FEAT_001,Dashboard,1001,92,87.0,4.8,77.6,Free
2025-07-02,FEAT_001,Dashboard,2073,268,74.7,4.5,77.6,Pro
2025-07-02,FEAT_001,Dashboard,355,20,89.1,4.6,64.7,Enterprise
2025-07-02,FEAT_001,Dashboard,549,80,79.1,4.9,88.4,Trial
2025-07-02,FEAT_002,Analytics,2080,247,70.2,4.5,86.1,Free
2025-07-02,FEAT_002,Analytics,1040,149,93.0,4.4,64.2,Pro
2025-07-02,FEAT_002,Analytics,780,112,92.9,3.1,62.9,Enterprise
2025-07-02,FEAT_002,Analytics,400,27,70.8,3.6,87.9,Trial
2025-07-02,FEAT_003,Reporting,216,28,77.4,4.8,85.5,Free
2025-07-02,FEAT_003,Reporting,1439,146,94.5,3.7,71.6,Pro
2025-07-02,FEAT_003,Reporting,528,74,84.3,4.1,79.6,Enterprise
2025-07-02,FEAT_003,Reporting,326,22,90.0,3.5,72.5,Trial
2025-07-02,FEAT_004,API Access,1829,221,82.6,5.0,85.1,Free
2025-07-02,FEAT_004,API Access,629,36,93.7,3.2,87.4,Pro
2025-07-02,FEAT_004,API Access,296,34,81.0,4.6,74.6,Enterprise
2025-07-02,FEAT_004,API Access,323,31,78.5,3.9,79.1,Trial
2025-07-02,FEAT_005,Mobile App,1886,136,88.6,4.2,67.6,Free
2025-07-02,FEAT_005,Mobile App,1764,134,74.4,4.5,76.2,Pro
2025-07-02,FEAT_005,Mobile App,162,9,72.8,4.0,79.2,Enterprise
2025-07-02,FEAT_005,Mobile App,323,25,92.6,4.2,84.5,Trial
2025-07-02,FEAT_006,Notifications,1620,129,93.5,4.3,86.8,Free
2025-07-02,FEAT_006,Notifications,381,50,85.2,3.2,78.4,Pro
2025-07-02,FEAT_006,Notifications,711,94,71.2,4.9,86.4,Enterprise
2025-07-02,FEAT_006,Notifications,498,51,90.4,4.6,77.5,Trial
2025-07-02,FEAT_007,Collaboration,3290,238,72.0,4.4,70.9,Free
2025-07-02,FEAT_007,Collaboration,1033,113,89.9,5.0,65.4,Pro
2025-07-02,FEAT_007,Collaboration,1094,155,92.0,3.4,77.7,Enterprise
2025-07-02,FEAT_007,Collaboration,374,53,93.6,4.5,79.5,Trial
2025-07-02,FEAT_008,Export,3262,350,85.6,3.6,65.9,Free
2025-07-02,FEAT_008,Export,613,77,86.4,3.7,86.2,Pro
2025-07-02,FEAT_008,Export,963,99,86.1,3.7,86.9,Enterprise
2025-07-02,FEAT_008,Export,214,15,80.0,3.1,60.7,Trial
2025-07-02,FEAT_009,Integration,689,97,75.0,3.2,78.8,Free
2025-07-02,FEAT_009,Integration,536,29,82.1,3.1,67.8,Pro
2025-07-02,FEAT_009,Integration,433,30,91.7,4.6,61.2,Enterprise
2025-07-02,FEAT_009,Integration,592,63,81.1,4.0,64.2,Trial
2025-07-02,FEAT_010,Search,1449,115,88.1,4.2,81.6,Free
2025-07-02,FEAT_010,Search,2010,296,93.2,3.4,65.0,Pro
2025-07-02,FEAT_010,Search,546,39,84.3,4.5,85.6,Enterprise
2025-07-02,FEAT_010,Search,141,15,71.2,3.6,87.5,Trial
2025-08-02,FEAT_001,Dashboard,1719,221,83.2,4.1,72.6,Free
2025-08-02,FEAT_001,Dashboard,2279,325,90.1,4.3,67.5,Pro
2025-08-02,FEAT_001,Dashboard,907,109,92.1,4.8,65.7,Enterprise
2025-08-02,FEAT_001,Dashboard,317,39,85.1,3.6,80.7,Trial
2025-08-02,FEAT_002,Analytics,3182,405,81.5,3.5,80.2,Free
2025-08-02,FEAT_002,Analytics,1243,131,74.4,4.7,82.5,Pro
2025-08-02,FEAT_002,Analytics,1085,63,92.8,4.7,85.5,Enterprise
2025-08-02,FEAT_002,Analytics,74,10,92.6,4.4,76.7,Trial
2025-08-02,FEAT_003,Reporting,497,48,90.3,3.5,84.7,Free
2025-08-02,FEAT_003,Reporting,1908,129,70.6,3.8,71.6,Pro
2025-08-02,FEAT_003,Reporting,939,47,85.5,4.3,66.1,Enterprise
2025-08-02,FEAT_003,Reporting,685,76,85.4,4.3,72.8,Trial
2025-08-02,FEAT_004,API Access,462,46,90.1,4.6,74.5,Free
2025-08-02,FEAT_004,API Access,1977,290,72.2,3.1,82.9,Pro
2025-08-02,FEAT_004,API Access,1093,159,88.6,4.5,70.2,Enterprise
2025-08-02,FEAT_004,API Access,478,35,87.3,4.8,63.7,Trial
2025-08-02,FEAT_005,Mobile App,1858,211,87.6,3.2,66.4,Free
2025-08-02,FEAT_005,Mobile App,741,102,73.9,4.9,66.9,Pro
2025-08-02,FEAT_005,Mobile App,621,72,89.9,4.6,71.4,Enterprise
2025-08-02,FEAT_005,Mobile App,239,17,92.0,3.5,77.1,Trial
2025-08-02,FEAT_006,Notifications,688,94,70.4,4.8,85.0,Free
2025-08-02,FEAT_006,Notifications,258,31,86.2,4.9,74.8,Pro
2025-08-02,FEAT_006,Notifications,1015,139,92.7,4.7,86.1,Enterprise
2025-08-02,FEAT_006,Notifications,382,37,94.2,4.7,83.0,Trial
2025-08-02,FEAT_007,Collaboration,2332,199,70.0,4.4,73.1,Free
2025-08-02,FEAT_007,Collaboration,863,125,71.0,3.9,72.6,Pro
2025-08-02,FEAT_007,Collaboration,393,52,83.9,3.5,65.4,Enterprise
2025-08-02,FEAT_007,Collaboration,659,74,80.4,3.6,70.0,Trial
2025-08-02,FEAT_008,Export,2542,372,74.7,3.3,84.4,Free
2025-08-02,FEAT_008,Export,923,60,73.3,3.7,83.1,Pro
2025-08-02,FEAT_008,Export,961,67,92.4,3.9,81.8,Enterprise
2025-08-02,FEAT_008,Export,494,70,83.1,4.3,73.0,Trial
2025-08-02,FEAT_009,Integration,1866,223,79.0,3.6,78.4,Free
2025-08-02,FEAT_009,Integration,1732,232,94.1,3.9,84.0,Pro
2025-08-02,FEAT_009,Integration,967,96,92.7,3.0,61.3,Enterprise
2025-08-02,FEAT_009,Integration,221,18,88.4,4.7,77.0,Trial
2025-08-02,FEAT_010,Search,725,83,80.5,3.0,76.0,Free
2025-08-02,FEAT_010,Search,160,18,73.9,3.8,71.9,Pro
2025-08-02,FEAT_010,Search,980,117,74.0,3.6,81.2,Enterprise
2025-08-02,FEAT_010,Search,383,33,81.7,4.6,67.0,Trial
2025-09-02,FEAT_001,Dashboard,3930,558,78.4,5.0,83.2,Free
2025-09-02,FEAT_001,Dashboard,1922,99,76.5,3.5,71.4,Pro
2025-09-02,FEAT_001,Dashboard,751,80,85.2,4.0,80.1,Enterprise
2025-09-02,FEAT_001,Dashboard,471,68,75.9,4.3,64.4,Trial
2025-09-02,FEAT_002,Analytics,2100,213,90.9,4.0,70.1,Free
2025-09-02,FEAT_002,Analytics,806,77,83.7,3.1,79.5,Pro
2025-09-02,FEAT_002,Analytics,531,55,76.3,3.5,68.2,Enterprise
2025-09-02,FEAT_002,Analytics,332,18,77.8,3.9,84.7,Trial
2025-09-02,FEAT_003,Reporting,3766,495,86.8,4.1,63.9,Free
2025-09-02,FEAT_003,Reporting,855,70,73.1,3.5,86.5,Pro
2025-09-02,FEAT_003,Reporting,860,45,85.3,3.7,60.3,Enterprise
2025-09-02,FEAT_003,Reporting,605,38,80.5,3.9,75.1,Trial
2025-09-02,FEAT_004,API Access,3520,257,94.0,3.3,87.9,Free
2025-09-02,FEAT_004,API Access,356,48,90.3,4.6,69.7,Pro
2025-09-02,FEAT_004,API Access,1164,136,72.9,3.3,62.6,Enterprise
2025-09-02,FEAT_004,API Access,578,57,81.4,3.7,75.6,Trial
2025-09-02,FEAT_005,Mobile App,2050,179,78.7,4.1,79.2,Free
2025-09-02,FEAT_005,Mobile App,260,24,89.2,3.1,70.5,Pro
2025-09-02,FEAT_005,Mobile App,1044,126,74.3,4.9,64.6,Enterprise
2025-09-02,FEAT_005,Mobile App,563,80,74.6,4.7,87.7,Trial
2025-09-02,FEAT_006,Notifications,3668,353,79.8,3.1,64.4,Free
2025-09-02,FEAT_006,Notifications,828,120,84.2,3.5,67.2,Pro
2025-09-02,FEAT_006,Notifications,693,55,77.8,3.6,70.1,Enterprise
2025-09-02,FEAT_006,Notifications,368,24,74.1,4.9,61.3,Trial
2025-09-02,FEAT_007,Collaboration,1444,212,74.9,4.0,74.2,Free
2025-09-02,FEAT_007,Collaboration,1060,80,80.0,4.3,75.3,Pro
2025-09-02,FEAT_007,Collaboration,171,21,78.3,3.3,89.8,Enterprise
2025-09-02,FEAT_007,Collaboration,747,102,77.2,4.1,71.5,Trial
2025-09-02,FEAT_008,Export,1806,248,74.8,4.1,63.2,Free
2025-09-02,FEAT_008,Export,318,32,82.1,3.3,85.2,Pro
2025-09-02,FEAT_008,Export,700,67,91.1,4.6,63.0,Enterprise
2025-09-02,FEAT_008,Export,280,17,86.7,3.7,73.7,Trial
2025-09-02,FEAT_009,Integration,1770,207,93.9,5.0,88.2,Free
2025-09-02,FEAT_009,Integration,362,34,76.6,4.9,62.6,Pro
2025-09-02,FEAT_009,Integration,695,70,85.0,3.9,74.4,Enterprise
2025-09-02,FEAT_009,Integration,423,45,87.1,4.9,60.5,Trial
2025-09-02,FEAT_010,Search,1970,100,89.8,4.4,78.0,Free
2025-09-02,FEAT_010,Search,970,68,70.5,4.1,68.5,Pro
2025-09-02,FEAT_010,Search,780,59,77.4,4.5,76.0,Enterprise
2025-09-02,FEAT_010,Search,333,42,90.6,3.4,71.3,Trial
2025-10-02,FEAT_001,Dashboard,1068,118,89.9,4.3,73.5,Free
2025-10-02,FEAT_001,Dashboard,1690,110,70.2,3.2,82.6,Pro
2025-10-02,FEAT_001,Dashboard,359,23,92.2,4.8,63.5,Enterprise
2025-10-02,FEAT_001,Dashboard,59,8,92.2,3.7,62.6,Trial
2025-10-02,FEAT_002,Analytics,3433,296,86.7,4.7,72.1,Free
2025-10-02,FEAT_002,Analytics,1514,208,89.3,3.8,75.0,Pro
2025-10-02,FEAT_002,Analytics,1188,80,82.1,4.5,76.1,Enterprise
2025-10-02,FEAT_002,Analytics,729,95,87.3,4.5,75.8,Trial
2025-10-02,FEAT_003,Reporting,547,64,72.0,4.3,77.6,Free
2025-10-02,FEAT_003,Reporting,474,31,92.7,3.6,88.0,Pro
2025-10-02,FEAT_003,Reporting,569,51,72.1,3.8,73.3,Enterprise
2025-10-02,FEAT_003,Reporting,50,3,86.4,3.6,80.8,Trial
2025-10-02,FEAT_004,API Access,2431,172,92.2,3.5,81.8,Free
2025-10-02,FEAT_004,API Access,2435,249,80.3,3.4,64.3,Pro
2025-10-02,FEAT_004,API Access,1162,87,83.2,4.3,63.1,Enterprise
2025-10-02,FEAT_004,API Access,455,51,84.7,4.7,86.3,Trial
2025-10-02,FEAT_005,Mobile App,1797,230,91.7,3.6,68.1,Free
2025-10-02,FEAT_005,Mobile App,1867,99,94.4,3.1,64.8,Pro
2025-10-02,FEAT_005,Mobile App,151,8,71.2,4.7,66.9,Enterprise
2025-10-02,FEAT_005,Mobile App,254,29,70.4,3.6,83.0,Trial
2025-10-02,FEAT_006,Notifications,371,25,82.1,4.1,61.2,Free
2025-10-02,FEAT_006,Notifications,344,41,86.0,4.1,81.6,Pro
2025-10-02,FEAT_006,Notifications,1176,151,77.7,3.5,72.7,Enterprise
2025-10-02,FEAT_006,Notifications,580,76,76.9,4.0,63.2,Trial
2025-10-02,FEAT_007,Collaboration,647,43,82.5,4.5,84.2,Free
2025-10-02,FEAT_007,Collaboration,1484,99,83.6,3.5,64.5,Pro
2025-10-02,FEAT_007,Collaboration,767,113,83.1,3.2,68.9,Enterprise
2025-10-02,FEAT_007,Collaboration,268,38,94.8,4.9,65.4,Trial
2025-10-02,FEAT_008,Export,2640,210,83.7,3.7,62.0,Free
2025-10-02,FEAT_008,Export,166,19,72.6,4.9,66.7,Pro
2025-10-02,FEAT_008,Export,993,99,70.6,4.8,75.3,Enterprise
2025-10-02,FEAT_008,Export,383,41,76.8,3.6,73.0,Trial
2025-10-02,FEAT_009,Integration,3798,400,81.5,3.4,89.2,Free
2025-10-02,FEAT_009,Integration,355,26,79.2,3.4,73.1,Pro
2025-10-02,FEAT_009,Integration,1035,98,84.8,4.0,63.9,Enterprise
2025-10-02,FEAT_009,Integration,318,33,73.5,5.0,84.0,Trial
2025-10-02,FEAT_010,Search,1279,123,85.7,3.5,88.6,Free
2025-10-02,FEAT_010,Search,2423,165,89.4,3.4,60.8,Pro
2025-10-02,FEAT_010,Search,1133,73,84.3,5.0,66.1,Enterprise
2025-10-02,FEAT_010,Search,384,25,86.1,3.2,76.0,Trial
2025-08-29,FEAT_001,Dashboard,586,71,88.3,3.6,60.7,Free
2025-08-29,FEAT_001,Dashboard,1356,106,84.5,3.1,76.4,Pro
2025-08-29,FEAT_001,Dashboard,1126,65,81.7,3.2,74.5,Enterprise
2025-08-29,FEAT_001,Dashboard,646,94,91.4,4.5,76.9,Trial
2025-08-29,FEAT_002,Analytics,1696,182,76.2,3.2,69.3,Free
2025-08-29,FEAT_002,Analytics,1792,203,80.0,4.9,79.2,Pro
2025-08-29,FEAT_002,Analytics,156,18,76.4,4.1,72.0,Enterprise
2025-08-29,FEAT_002,Analytics,327,36,83.5,4.9,65.6,Trial
2025-08-29,FEAT_003,Reporting,3550,490,71.0,3.4,78.4,Free
2025-08-29,FEAT_003,Reporting,162,12,91.6,4.3,60.5,Pro
2025-08-29,FEAT_003,Reporting,666,91,84.2,5.0,61.8,Enterprise
2025-08-29,FEAT_003,Reporting,604,67,85.4,4.6,78.6,Trial
2025-08-29,FEAT_004,API Access,3808,310,81.6,3.5,61.2,Free
2025-08-29,FEAT_004,API Access,396,19,73.2,3.6,86.4,Pro
2025-08-29,FEAT_004,API Access,292,35,77.8,4.5,66.6,Enterprise
2025-08-29,FEAT_004,API Access,476,24,82.3,3.5,64.3,Trial
2025-08-29,FEAT_005,Mobile App,2369,175,86.5,4.1,76.0,Free
2025-08-29,FEAT_005,Mobile App,1558,91,93.6,3.2,87.6,Pro
2025-08-29,FEAT_005,Mobile App,1147,81,84.8,4.1,64.8,Enterprise
2025-08-29,FEAT_005,Mobile App,772,84,83.2,3.2,66.1,Trial
2025-08-29,FEAT_006,Notifications,1111,89,85.0,3.4,68.3,Free
2025-08-29,FEAT_006,Notifications,995,64,72.8,3.4,60.3,Pro
2025-08-29,FEAT_006,Notifications,938,136,77.4,4.2,77.1,Enterprise
2025-08-29,FEAT_006,Notifications,506,26,92.9,4.2,70.8,Trial
2025-08-29,FEAT_007,Collaboration,1064,133,94.8,4.2,85.3,Free
2025-08-29,FEAT_007,Collaboration,2293,273,86.4,3.2,80.5,Pro
2025-08-29,FEAT_007,Collaboration,495,55,90.8,4.8,69.6,Enterprise
2025-08-29,FEAT_007,Collaboration,591,33,86.5,4.5,75.6,Trial
2025-08-29,FEAT_008,Export,3404,316,87.3,3.9,63.5,Free
2025-08-29,FEAT_008,Export,1653,207,92.8,3.4,83.7,Pro
2025-08-29,FEAT_008,Export,450,54,72.4,3.2,61.0,Enterprise
2025-08-29,FEAT_008,Export,233,23,92.8,4.6,60.0,Trial
2025-08-29,FEAT_009,Integration,3872,449,90.5,4.2,88.7,Free
2025-08-29,FEAT_009,Integration,513,67,94.9,3.5,68.0,Pro
2025-08-29,FEAT_009,Integration,1086,90,89.8,5.0,74.5,Enterprise
2025-08-29,FEAT_009,Integration,236,30,74.8,4.5,64.9,Trial
2025-08-29,FEAT_010,Search,3482,202,71.0,4.8,76.8,Free
2025-08-29,FEAT_010,Search,209,17,93.6,4.3,83.9,Pro
2025-08-29,FEAT_010,Search,992,97,70.1,3.6,72.8,Enterprise
2025-08-29,FEAT_010,Search,732,54,73.4,4.2,79.8,Trial
2025-09-05,FEAT_001,Dashboard,3408,338,74.0,3.1,69.1,Free
2025-09-05,FEAT_001,Dashboard,1393,89,93.3,4.4,78.0,Pro
2025-09-05,FEAT_001,Dashboard,395,34,71.6,4.0,83.0,Enterprise
2025-09-05,FEAT_001,Dashboard,259,18,80.4,3.2,72.8,Trial
2025-09-05,FEAT_002,Analytics,730,53,92.1,4.5,64.4,Free
2025-09-05,FEAT_002,Analytics,1287,81,90.6,4.7,76.6,Pro
2025-09-05,FEAT_002,Analytics,286,31,94.1,4.7,82.0,Enterprise
2025-09-05,FEAT_002,Analytics,188,14,88.5,3.3,88.9,Trial
2025-09-05,FEAT_003,Reporting,3152,313,76.0,4.9,72.4,Free
2025-09-05,FEAT_003,Reporting,842,58,85.2,4.3,82.0,Pro
2025-09-05,FEAT_003,Reporting,790,74,72.5,4.4,87.8,Enterprise
2025-09-05,FEAT_003,Reporting,753,108,71.0,4.5,86.4,Trial
2025-09-05,FEAT_004,API Access,2028,277,89.1,3.1,85.7,Free
2025-09-05,FEAT_004,API Access,1561,224,82.3,4.6,79.9,Pro
2025-09-05,FEAT_004,API Access,477,60,79.0,4.0,61.4,Enterprise
2025-09-05,FEAT_004,API Access,497,47,84.8,3.7,64.8,Trial
2025-09-05,FEAT_005,Mobile App,1564,217,89.5,3.4,77.2,Free
2025-09-05,FEAT_005,Mobile App,1431,121,82.5,3.4,88.1,Pro
2025-09-05,FEAT_005,Mobile App,670,94,87.5,3.1,73.9,Enterprise
2025-09-05,FEAT_005,Mobile App,600,58,89.4,4.0,85.4,Trial
2025-09-05,FEAT_006,Notifications,544,55,93.2,4.8,64.3,Free
2025-09-05,FEAT_006,Notifications,1176,102,77.9,4.8,72.7,Pro
2025-09-05,FEAT_006,Notifications,1171,139,88.5,4.7,61.9,Enterprise
2025-09-05,FEAT_006,Notifications,582,74,86.2,4.9,64.5,Trial
2025-09-05,FEAT_007,Collaboration,3814,558,93.7,4.1,84.1,Free
2025-09-05,FEAT_007,Collaboration,1164,88,81.6,4.0,72.2,Pro
2025-09-05,FEAT_007,Collaboration,306,27,93.1,3.3,84.7,Enterprise
2025-09-05,FEAT_007,Collaboration,376,23,70.0,4.1,76.2,Trial
2025-09-05,FEAT_008,Export,3546,244,72.3,3.2,71.9,Free
2025-09-05,FEAT_008,Export,393,39,86.3,4.5,77.6,Pro
2025-09-05,FEAT_008,Export,306,39,93.5,4.4,79.9,Enterprise
2025-09-05,FEAT_008,Export,221,32,81.4,4.0,75.2,Trial
2025-09-05,FEAT_009,Integration,508,29,75.3,4.8,69.5,Free
2025-09-05,FEAT_009,Integration,2307,341,73.3,5.0,66.1,Pro
2025-09-05,FEAT_009,Integration,697,82,82.1,4.2,77.4,Enterprise
2025-09-05,FEAT_009,Integration,440,40,75.5,3.2,73.5,Trial
2025-09-05,FEAT_010,Search,3358,377,71.5,4.6,67.5,Free
2025-09-05,FEAT_010,Search,1710,183,81.4,4.6,68.8,Pro
2025-09-05,FEAT_010,Search,435,58,88.5,3.4,62.7,Enterprise
2025-09-05,FEAT_010,Search,508,48,74.0,4.6,71.5,Trial
2025-09-12,FEAT_001,Dashboard,2972,416,88.4,3.3,84.1,Free
2025-09-12,FEAT_001,Dashboard,1594,236,81.5,3.5,71.4,Pro
2025-09-12,FEAT_001,Dashboard,375,20,92.5,3.6,85.7,Enterprise
2025-09-12,FEAT_001,Dashboard,142,9,92.8,3.9,64.4,Trial
2025-09-12,FEAT_002,Analytics,1334,80,82.9,4.9,71.1,Free
2025-09-12,FEAT_002,Analytics,2182,199,78.0,4.7,67.2,Pro
2025-09-12,FEAT_002,Analytics,268,18,91.8,3.8,65.2,Enterprise
2025-09-12,FEAT_002,Analytics,138,18,76.5,3.3,60.9,Trial
2025-09-12,FEAT_003,Reporting,3040,372,81.7,3.9,76.7,Free
2025-09-12,FEAT_003,Reporting,375,33,84.8,4.1,72.3,Pro
2025-09-12,FEAT_003,Reporting,131,10,76.5,3.1,72.5,Enterprise
2025-09-12,FEAT_003,Reporting,324,36,92.2,3.2,71.9,Trial
2025-09-12,FEAT_004,API Access,3838,479,87.9,3.7,65.6,Free
2025-09-12,FEAT_004,API Access,2289,126,80.9,3.8,67.6,Pro
2025-09-12,FEAT_004,API Access,231,28,90.0,4.1,69.1,Enterprise
2025-09-12,FEAT_004,API Access,167,13,77.2,4.5,60.2,Trial
2025-09-12,FEAT_005,Mobile App,926,115,89.6,4.7,73.1,Free
2025-09-12,FEAT_005,Mobile App,1964,160,72.0,4.6,61.6,Pro
2025-09-12,FEAT_005,Mobile App,847,107,85.4,4.4,84.9,Enterprise
2025-09-12,FEAT_005,Mobile App,109,8,92.9,3.0,75.3,Trial
2025-09-12,FEAT_006,Notifications,3280,270,81.3,4.9,75.8,Free
2025-09-12,FEAT_006,Notifications,144,16,82.3,4.7,81.7,Pro
2025-09-12,FEAT_006,Notifications,1027,130,84.6,3.7,80.1,Enterprise
2025-09-12,FEAT_006,Notifications,132,6,87.7,3.8,69.9,Trial
2025-09-12,FEAT_007,Collaboration,1618,113,88.1,3.0,66.0,Free
2025-09-12,FEAT_007,Collaboration,499,73,80.1,3.6,61.5,Pro
2025-09-12,FEAT_007,Collaboration,649,70,89.9,3.5,74.9,Enterprise
2025-09-12,FEAT_007,Collaboration,522,50,76.3,3.8,68.0,Trial
2025-09-12,FEAT_008,Export,1212,179,70.9,4.6,70.2,Free
2025-09-12,FEAT_008,Export,607,65,87.7,4.4,86.4,Pro
2025-09-12,FEAT_008,Export,519,30,92.1,4.4,64.5,Enterprise
2025-09-12,FEAT_008,Export,711,47,93.8,3.9,83.1,Trial
2025-09-12,FEAT_009,Integration,3436,225,72.1,3.8,69.2,Free
2025-09-12,FEAT_009,Integration,1544,228,87.2,4.3,60.6,Pro
2025-09-12,FEAT_009,Integration,140,10,71.6,3.6,80.1,Enterprise
2025-09-12,FEAT_009,Integration,561,68,92.8,4.6,81.3,Trial
2025-09-12,FEAT_010,Search,3230,466,77.9,4.5,62.6,Free
2025-09-12,FEAT_010,Search,1702,95,76.8,3.2,65.4,Pro
2025-09-12,FEAT_010,Search,100,9,83.5,3.8,79.8,Enterprise
2025-09-12,FEAT_010,Search,116,17,78.0,4.3,67.5,Trial
2025-09-19,FEAT_001,Dashboard,3786,393,84.5,3.7,65.6,Free
2025-09-19,FEAT_001,Dashboard,1076,129,92.7,3.3,70.8,Pro
2025-09-19,FEAT_001,Dashboard,124,8,78.3,5.0,67.5,Enterprise
2025-09-19,FEAT_001,Dashboard,138,15,70.8,4.3,61.9,Trial
2025-09-19,FEAT_002,Analytics,3618,371,90.0,3.9,77.3,Free
2025-09-19,FEAT_002,Analytics,1594,158,88.6,4.9,75.7,Pro
2025-09-19,FEAT_002,Analytics,990,134,84.8,5.0,86.8,Enterprise
2025-09-19,FEAT_002,Analytics,40,5,80.2,4.0,76.9,Trial
2025-09-19,FEAT_003,Reporting,2974,150,79.1,3.6,70.7,Free
2025-09-19,FEAT_003,Reporting,639,84,85.9,3.7,77.2,Pro
2025-09-19,FEAT_003,Reporting,453,58,84.4,4.2,65.0,Enterprise
2025-09-19,FEAT_003,Reporting,763,46,83.6,3.4,87.8,Trial
2025-09-19,FEAT_004,API Access,3238,358,79.8,4.9,61.9,Free
2025-09-19,FEAT_004,API Access,408,25,93.3,4.0,62.3,Pro
2025-09-19,FEAT_004,API Access,820,116,88.9,3.7,62.5,Enterprise
2025-09-19,FEAT_004,API Access,437,28,78.6,5.0,70.0,Trial
2025-09-19,FEAT_005,Mobile App,2030,160,81.6,4.4,89.1,Free
2025-09-19,FEAT_005,Mobile App,308,20,77.8,3.3,65.8,Pro
2025-09-19,FEAT_005,Mobile App,1077,157,72.4,4.7,64.6,Enterprise
2025-09-19,FEAT_005,Mobile App,586,49,73.5,4.9,65.4,Trial
2025-09-19,FEAT_006,Notifications,2356,276,91.5,3.8,85.2,Free
2025-09-19,FEAT_006,Notifications,1760,125,85.3,4.7,89.3,Pro
2025-09-19,FEAT_006,Notifications,340,42,81.7,3.1,61.8,Enterprise
2025-09-19,FEAT_006,Notifications,239,30,88.0,4.8,62.2,Trial
2025-09-19,FEAT_007,Collaboration,1808,183,93.7,4.5,78.6,Free
2025-09-19,FEAT_007,Collaboration,1212,173,78.8,3.9,71.9,Pro
2025-09-19,FEAT_007,Collaboration,1116,143,78.9,3.1,75.7,Enterprise
2025-09-19,FEAT_007,Collaboration,44,5,94.8,4.8,89.9,Trial
2025-09-19,FEAT_008,Export,1320,152,80.9,3.5,82.5,Free
2025-09-19,FEAT_008,Export,865,101,77.3,4.4,64.4,Pro
2025-09-19,FEAT_008,Export,373,51,92.2,3.9,82.3,Enterprise
2025-09-19,FEAT_008,Export,455,31,74.3,3.6,87.1,Trial
2025-09-19,FEAT_009,Integration,316,34,71.1,4.4,85.4,Free
2025-09-19,FEAT_009,Integration,753,73,89.8,3.9,73.2,Pro
2025-09-19,FEAT_009,Integration,971,134,71.0,4.1,78.6,Enterprise
2025-09-19,FEAT_009,Integration,215,20,83.3,4.4,76.2,Trial
2025-09-19,FEAT_010,Search,938,94,71.0,3.2,79.4,Free
2025-09-19,FEAT_010,Search,679,69,76.5,4.1,65.1,Pro
2025-09-19,FEAT_010,Search,267,29,79.1,3.2,79.9,Enterprise
2025-09-19,FEAT_010,Search,566,83,88.5,4.6,87.7,Trial
2025-09-26,FEAT_001,Dashboard,2136,183,76.0,4.4,61.7,Free
2025-09-26,FEAT_001,Dashboard,528,74,79.0,3.6,85.2,Pro
2025-09-26,FEAT_001,Dashboard,631,37,92.3,3.4,70.7,Enterprise
2025-09-26,FEAT_001,Dashboard,683,82,92.6,3.3,61.1,Trial
2025-09-26,FEAT_002,Analytics,3722,415,88.5,4.7,83.4,Free
2025-09-26,FEAT_002,Analytics,2026,177,80.5,3.9,74.2,Pro
2025-09-26,FEAT_002,Analytics,1012,135,86.7,3.3,79.3,Enterprise
2025-09-26,FEAT_002,Analytics,784,113,87.7,4.3,85.5,Trial
2025-09-26,FEAT_003,Reporting,3520,250,82.3,4.8,62.3,Free
2025-09-26,FEAT_003,Reporting,1450,211,94.1,3.8,74.4,Pro
2025-09-26,FEAT_003,Reporting,1038,151,76.7,3.8,72.3,Enterprise
2025-09-26,FEAT_003,Reporting,571,52,81.9,4.8,67.8,Trial
2025-09-26,FEAT_004,API Access,3582,238,81.0,4.4,84.8,Free
2025-09-26,FEAT_004,API Access,957,81,85.4,3.5,62.3,Pro
2025-09-26,FEAT_004,API Access,1055,147,83.3,3.6,85.6,Enterprise
2025-09-26,FEAT_004,API Access,692,67,72.7,4.7,79.1,Trial
2025-09-26,FEAT_005,Mobile App,2634,150,81.5,4.9,70.9,Free
2025-09-26,FEAT_005,Mobile App,1634,243,93.9,4.6,74.4,Pro
2025-09-26,FEAT_005,Mobile App,583,83,89.8,4.8,64.4,Enterprise
2025-09-26,FEAT_005,Mobile App,478,63,80.5,4.8,62.8,Trial
2025-09-26,FEAT_006,Notifications,904,118,80.2,3.9,88.0,Free
2025-09-26,FEAT_006,Notifications,566,51,87.0,3.6,73.1,Pro
2025-09-26,FEAT_006,Notifications,632,70,81.0,3.5,84.8,Enterprise
2025-09-26,FEAT_006,Notifications,508,52,92.8,3.5,72.1,Trial
2025-09-26,FEAT_007,Collaboration,3222,390,90.3,3.6,74.1,Free
2025-09-26,FEAT_007,Collaboration,590,31,76.8,3.7,70.6,Pro
2025-09-26,FEAT_007,Collaboration,321,42,70.3,3.2,60.1,Enterprise
2025-09-26,FEAT_007,Collaboration,764,100,79.3,4.6,83.8,Trial
2025-09-26,FEAT_008,Export,620,86,82.4,4.5,83.1,Free
2025-09-26,FEAT_008,Export,248,23,76.0,4.9,87.1,Pro
2025-09-26,FEAT_008,Export,654,53,71.7,3.4,60.1,Enterprise
2025-09-26,FEAT_008,Export,472,65,86.5,3.9,61.3,Trial
2025-09-26,FEAT_009,Integration,2966,329,87.7,3.5,66.6,Free
2025-09-26,FEAT_009,Integration,975,90,86.5,3.0,87.7,Pro
2025-09-26,FEAT_009,Integration,532,69,76.7,3.2,87.3,Enterprise
2025-09-26,FEAT_009,Integration,413,48,83.9,3.6,71.9,Trial
2025-09-26,FEAT_010,Search,2726,158,84.9,3.7,73.1,Free
2025-09-26,FEAT_010,Search,1390,133,78.6,4.7,75.2,Pro
2025-09-26,FEAT_010,Search,270,38,85.9,4.9,73.6,Enterprise
2025-09-26,FEAT_010,Search,428,55,73.0,3.2,73.6,Trial
2025-10-03,FEAT_001,Dashboard,311,32,86.9,4.0,61.6,Free
2025-10-03,FEAT_001,Dashboard,415,47,89.0,3.0,85.2,Pro
2025-10-03,FEAT_001,Dashboard,1171,151,82.6,4.8,74.6,Enterprise
2025-10-03,FEAT_001,Dashboard,722,63,91.6,3.6,73.4,Trial
2025-10-03,FEAT_002,Analytics,586,83,93.9,3.0,74.1,Free
2025-10-03,FEAT_002,Analytics,1485,140,92.2,4.6,79.8,Pro
2025-10-03,FEAT_002,Analytics,502,68,86.1,4.2,67.2,Enterprise
2025-10-03,FEAT_002,Analytics,110,15,82.9,4.3,89.7,Trial
2025-10-03,FEAT_003,Reporting,3616,194,86.7,4.5,89.1,Free
2025-10-03,FEAT_003,Reporting,271,20,91.6,3.3,63.1,Pro
2025-10-03,FEAT_003,Reporting,741,60,79.5,3.1,70.3,Enterprise
2025-10-03,FEAT_003,Reporting,803,46,71.0,3.6,64.6,Trial
2025-10-03,FEAT_004,API Access,3200,230,81.3,3.7,66.9,Free
2025-10-03,FEAT_004,API Access,1813,159,75.5,4.5,81.8,Pro
2025-10-03,FEAT_004,API Access,1161,62,90.3,3.3,61.9,Enterprise
2025-10-03,FEAT_004,API Access,649,34,75.7,3.4,67.9,Trial
2025-10-03,FEAT_005,Mobile App,2927,334,91.2,4.9,66.4,Free
2025-10-03,FEAT_005,Mobile App,2260,163,83.7,3.9,72.6,Pro
2025-10-03,FEAT_005,Mobile App,721,68,84.5,3.2,71.8,Enterprise
2025-10-03,FEAT_005,Mobile App,478,31,84.7,4.1,63.0,Trial
2025-10-03,FEAT_006,Notifications,3448,278,73.3,4.5,83.7,Free
2025-10-03,FEAT_006,Notifications,1921,287,90.0,4.5,64.4,Pro
2025-10-03,FEAT_006,Notifications,471,55,82.2,4.5,74.8,Enterprise
2025-10-03,FEAT_006,Notifications,247,32,72.8,4.4,60.7,Trial
2025-10-03,FEAT_007,Collaboration,967,74,92.3,4.4,82.0,Free
2025-10-03,FEAT_007,Collaboration,2179,261,78.2,3.1,64.8,Pro
2025-10-03,FEAT_007,Collaboration,980,104,87.9,3.1,70.0,Enterprise
2025-10-03,FEAT_007,Collaboration,271,31,90.7,4.4,73.6,Trial
2025-10-03,FEAT_008,Export,1642,156,75.7,4.2,77.6,Free
2025-10-03,FEAT_008,Export,1072,54,86.3,3.6,81.8,Pro
2025-10-03,FEAT_008,Export,997,91,78.5,3.1,81.9,Enterprise
2025-10-03,FEAT_008,Export,101,14,82.0,3.3,88.2,Trial
2025-10-03,FEAT_009,Integration,1357,175,79.1,4.6,62.3,Free
2025-10-03,FEAT_009,Integration,1083,147,85.8,4.4,64.1,Pro
2025-10-03,FEAT_009,Integration,1088,139,74.9,4.3,70.6,Enterprise
2025-10-03,FEAT_009,Integration,464,38,87.3,4.0,75.3,Trial
2025-10-03,FEAT_010,Search,1010,90,86.1,3.1,62.3,Free
2025-10-03,FEAT_010,Search,2291,295,83.7,4.0,60.8,Pro
2025-10-03,FEAT_010,Search,1068,74,78.0,4.7,68.3,Enterprise
2025-10-03,FEAT_010,Search,713,37,88.3,3.6,88.6,Trial
2025-10-10,FEAT_001,Dashboard,473,40,78.8,3.9,87.3,Free
2025-10-10,FEAT_001,Dashboard,2322,232,91.9,4.0,77.2,Pro
2025-10-10,FEAT_001,Dashboard,423,35,90.2,3.3,84.4,Enterprise
2025-10-10,FEAT_001,Dashboard,213,15,83.5,3.0,80.6,Trial
2025-10-10,FEAT_002,Analytics,2818,406,79.2,4.6,88.9,Free
2025-10-10,FEAT_002,Analytics,821,83,80.3,4.7,63.5,Pro
2025-10-10,FEAT_002,Analytics,579,43,87.9,3.7,60.2,Enterprise
2025-10-10,FEAT_002,Analytics,539,80,70.4,4.3,88.4,Trial
2025-10-10,FEAT_003,Reporting,2312,232,74.6,3.6,62.6,Free
2025-10-10,FEAT_003,Reporting,1468,138,88.9,4.4,64.3,Pro
2025-10-10,FEAT_003,Reporting,1120,109,77.3,4.5,61.6,Enterprise
2025-10-10,FEAT_003,Reporting,571,41,89.0,3.2,68.5,Trial
2025-10-10,FEAT_004,API Access,2642,342,72.2,3.8,77.9,Free
2025-10-10,FEAT_004,API Access,2067,172,71.5,3.2,76.8,Pro
2025-10-10,FEAT_004,API Access,1006,86,74.3,4.9,81.4,Enterprise
2025-10-10,FEAT_004,API Access,560,78,76.2,3.1,60.5,Trial
2025-10-10,FEAT_005,Mobile App,3798,463,70.1,3.7,85.9,Free
2025-10-10,FEAT_005,Mobile App,1141,144,84.7,3.4,65.2,Pro
2025-10-10,FEAT_005,Mobile App,231,34,73.3,4.9,60.2,Enterprise
2025-10-10,FEAT_005,Mobile App,73,3,70.5,4.9,89.8,Trial
2025-10-10,FEAT_006,Notifications,1568,172,83.3,3.4,83.9,Free
2025-10-10,FEAT_006,Notifications,1194,115,73.7,3.3,81.8,Pro
2025-10-10,FEAT_006,Notifications,375,36,73.7,3.4,73.4,Enterprise
2025-10-10,FEAT_006,Notifications,672,62,79.9,4.5,73.9,Trial
2025-10-10,FEAT_007,Collaboration,1902,154,82.8,3.5,82.9,Free
2025-10-10,FEAT_007,Collaboration,2033,110,81.3,3.6,80.5,Pro
2025-10-10,FEAT_007,Collaboration,607,44,78.1,3.6,79.3,Enterprise
2025-10-10,FEAT_007,Collaboration,819,58,77.7,4.9,75.5,Trial
2025-10-10,FEAT_008,Export,924,87,79.9,4.0,63.5,Free
2025-10-10,FEAT_008,Export,2225,304,78.1,3.7,79.2,Pro
2025-10-10,FEAT_008,Export,165,23,91.9,4.7,72.5,Enterprise
2025-10-10,FEAT_008,Export,516,54,75.5,3.4,83.0,Trial
2025-10-10,FEAT_009,Integration,3118,451,76.1,3.7,67.2,Free
2025-10-10,FEAT_009,Integration,1444,179,78.1,3.7,83.0,Pro
2025-10-10,FEAT_009,Integration,460,57,85.0,4.4,85.9,Enterprise
2025-10-10,FEAT_009,Integration,137,8,75.7,3.2,68.1,Trial
2025-10-10,FEAT_010,Search,237,26,78.9,4.1,71.0,Free
2025-10-10,FEAT_010,Search,749,102,79.0,4.9,63.6,Pro
2025-10-10,FEAT_010,Search,287,28,83.6,4.8,75.2,Enterprise
2025-10-10,FEAT_010,Search,754,111,83.0,3.9,84.5,Trial
2025-10-17,FEAT_001,Dashboard,1527,83,82.0,4.9,85.6,Free
2025-10-17,FEAT_001,Dashboard,2421,215,86.7,3.5,75.0,Pro
2025-10-17,FEAT_001,Dashboard,564,74,84.1,5.0,84.2,Enterprise
2025-10-17,FEAT_001,Dashboard,277,26,77.3,3.2,86.9,Trial
2025-10-17,FEAT_002,Analytics,3517,313,89.3,4.5,73.9,Free
2025-10-17,FEAT_002,Analytics,195,18,88.8,4.9,80.4,Pro
2025-10-17,FEAT_002,Analytics,340,20,70.2,3.0,84.6,Enterprise
2025-10-17,FEAT_002,Analytics,287,27,72.8,3.3,64.8,Trial
2025-10-17,FEAT_003,Reporting,2872,164,73.6,3.0,82.2,Free
2025-10-17,FEAT_003,Reporting,1226,178,83.2,4.8,75.2,Pro
2025-10-17,FEAT_003,Reporting,1183,94,80.2,4.0,83.3,Enterprise
2025-10-17,FEAT_003,Reporting,79,4,76.2,4.7,87.6,Trial
2025-10-17,FEAT_004,API Access,1373,144,78.8,3.6,77.1,Free
2025-10-17,FEAT_004,API Access,493,71,92.7,4.3,72.4,Pro
2025-10-17,FEAT_004,API Access,225,28,70.1,3.7,80.2,Enterprise
2025-10-17,FEAT_004,API Access,56,6,87.2,3.8,73.3,Trial
2025-10-17,FEAT_005,Mobile App,2006,129,86.8,3.6,81.4,Free
2025-10-17,FEAT_005,Mobile App,444,48,70.8,4.5,82.6,Pro
2025-10-17,FEAT_005,Mobile App,1085,65,85.7,4.8,77.8,Enterprise
2025-10-17,FEAT_005,Mobile App,374,28,91.1,4.0,60.8,Trial
2025-10-17,FEAT_006,Notifications,3220,366,78.6,4.1,87.2,Free
2025-10-17,FEAT_006,Notifications,2094,173,82.8,4.9,74.1,Pro
2025-10-17,FEAT_006,Notifications,507,47,70.8,4.3,88.1,Enterprise
2025-10-17,FEAT_006,Notifications,542,73,83.8,4.0,72.6,Trial
2025-10-17,FEAT_007,Collaboration,3872,205,74.0,3.7,63.2,Free
2025-10-17,FEAT_007,Collaboration,590,31,93.9,3.8,75.9,Pro
2025-10-17,FEAT_007,Collaboration,1187,158,79.5,4.6,66.6,Enterprise
2025-10-17,FEAT_007,Collaboration,530,47,90.9,4.2,73.3,Trial
2025-10-17,FEAT_008,Export,3163,270,77.7,4.7,81.1,Free
2025-10-17,FEAT_008,Export,827,95,73.4,4.3,61.5,Pro
2025-10-17,FEAT_008,Export,1135,143,74.7,4.2,70.8,Enterprise
2025-10-17,FEAT_008,Export,649,74,88.5,3.8,88.7,Trial
2025-10-17,FEAT_009,Integration,252,35,75.1,5.0,75.9,Free
2025-10-17,FEAT_009,Integration,1046,122,71.2,4.5,69.0,Pro
2025-10-17,FEAT_009,Integration,993,90,70.5,4.6,83.6,Enterprise
2025-10-17,FEAT_009,Integration,203,10,76.5,4.8,63.8,Trial
2025-10-17,FEAT_010,Search,1611,199,82.0,4.2,84.0,Free
2025-10-17,FEAT_010,Search,1461,156,71.0,3.7,65.4,Pro
2025-10-17,FEAT_010,Search,1036,78,88.4,4.7,84.2,Enterprise
2025-10-17,FEAT_010,Search,76,7,74.7,4.6,73.0,Trial
